USE PrisonSystem;

INSERT INTO Osoby VALUES
('Jan', 'Kowalski', '1980-01-01', 80010112345, '85-400', 'Bydgoszcz', 'Kwiatowa', '10'),
('Anna', 'Nowak', '1985-02-02', 85020254321, '31-200', 'Kraków', 'Lipowa', '15'),
('Piotr', 'Zieliński', '1990-03-03', 90030367890, '01-234', 'Warszawa', 'Wesoła', '20'),
('Katarzyna', 'Wójcik', '1975-04-04', 75040498765, '50-500', 'Wrocław', 'Główna', '5A'),
('Marek', 'Lewandowski', '1995-05-05', 95050534567, '61-800', 'Poznań', 'Jasna', '12'),
('Joanna', 'Mazur', '1982-06-06', 82060623456, '80-500', 'Gdańsk', 'Leśna', '34B'),
('Tomasz', 'Kowal', '1992-07-07', 92070745678, '70-800', 'Szczecin', 'Krótka', '8'),
('Ewa', 'Nowicka', '1988-08-08', 88080812345, '20-100', 'Lublin', 'Łąkowa', '19'),
('Robert', 'Kamiński', '1980-09-09', 80090954321, '40-200', 'Katowice', 'Śląska', '22'),
('Magdalena', 'Czajka', '1987-10-10', 87101067890, '15-001', 'Białystok', 'Spokojna', '7'),
('Krzysztof', 'Wiśniewski', '1993-11-11', 93111198765, '81-001', 'Gdynia', 'Długa', '3C'),
('Sylwia', 'Chmielewska', '1979-12-12', 79121234567, '87-100', 'Toruń', 'Kościuszki', '9'),
('Adam', 'Sikora', '1985-01-13', 85011323456, '85-300', 'Bydgoszcz', 'Polna', '1'),
('Patrycja', 'Adamska', '1991-02-14', 91021445678, '35-200', 'Rzeszów', 'Zielona', '13A'),
('Daniel', 'Grabowski', '1984-03-15', 84031512345, '45-400', 'Opole', 'Szeroka', '15B'),
('Michał', 'Król', '1997-04-16', 97041654321, '75-800', 'Koszalin', 'Kwiatowa', '16C'),
('Karolina', 'Borkowska', '1986-05-17', 86051767890, '82-300', 'Elbląg', 'Piękna', '17D'),
('Grzegorz', 'Zawadzki', '1994-06-18', 94061898765, '65-500', 'Zielona Góra', 'Nowa', '18E'),
('Agnieszka', 'Stępień', '1990-07-19', 90071934567, '59-200', 'Legnica', 'Krótka', '19F'),
('Maciej', 'Cieślak', '1983-08-20', 83082023456, '09-300', 'Płock', 'Leśna', '20G'),
('Maria', 'Nowak', '1980-12-12', 80121212345, '00-001', 'Warszawa', 'Marszałkowska', '5'),
('Tadeusz', 'Kowalczyk', '1978-01-20', 78012054321, '22-500', 'Zamość', 'Zielona', '12'),
('Zofia', 'Wiśniewska', '1990-05-15', 90051512345, '40-500', 'Katowice', 'Lipowa', '8A'),
('Janina', 'Szczepańska', '1982-08-25', 82082567890, '50-001', 'Wrocław', 'Kościuszki', '15B'),
('Paweł', 'Zieliński', '1995-07-12', 95071298765, '80-001', 'Gdańsk', 'Leśna', '4'),
('Joanna', 'Woźniak', '1992-11-30', 92113045678, '90-500', 'Łódź', 'Jasna', '6'),
('Katarzyna', 'Adamczyk', '1985-03-18', 85031834567, '20-300', 'Lublin', 'Krótka', '22C'),
('Michał', 'Górski', '1988-04-24', 88042454321, '70-400', 'Szczecin', 'Wesoła', '10'),
('Andrzej', 'Lewandowski', '1981-06-06', 81060667890, '85-100', 'Bydgoszcz', 'Kwiatowa', '15A'),
('Krzysztof', 'Mazur', '1979-02-22', 79022212345, '30-200', 'Kraków', 'Główna', '5'),
('Barbara', 'Nowicka', '1994-09-09', 94090954321, '11-200', 'Olsztyn', 'Mazurska', '8B'),
('Ewa', 'Kamińska', '1986-10-17', 86101767890, '60-300', 'Poznań', 'Zamkowa', '11'),
('Maciej', 'Więcek', '1993-03-03', 93030398765, '75-500', 'Koszalin', 'Szeroka', '2A'),
('Karolina', 'Sobczak', '1987-11-11', 87111112345, '90-100', 'Łódź', 'Spokojna', '18'),
('Rafał', 'Kowalski', '1983-04-01', 83040145678, '80-200', 'Gdańsk', 'Jesionowa', '7'),
('Sylwia', 'Krawczyk', '1989-12-12', 89121234567, '50-500', 'Wrocław', 'Cicha', '21'),
('Piotr', 'Czarnecki', '1991-02-28', 91022823456, '85-400', 'Bydgoszcz', 'Leśna', '10'),
('Elżbieta', 'Król', '1976-05-14', 76051454321, '15-001', 'Białystok', 'Wesoła', '16'),
('Tomasz', 'Nowakowski', '1996-06-15', 96061567890, '50-600', 'Wrocław', 'Krótka', '19B'),
('Agnieszka', 'Wiśniewska', '1984-07-19', 84071998765, '60-300', 'Poznań', 'Spokojna', '11A'),
('Dariusz', 'Kowalczyk', '1982-01-11', 82011145678, '22-300', 'Zamość', 'Leśna', '2C'),
('Ewelina', 'Zielińska', '1988-08-18', 88081812345, '80-300', 'Gdańsk', 'Szeroka', '5A'),
('Katarzyna', 'Wojciechowska', '1990-09-10', 90091054321, '30-001', 'Kraków', 'Lipowa', '8'),
('Marcin', 'Adamczyk', '1985-03-03', 85030367890, '40-400', 'Katowice', 'Kościuszki', '12'),
('Magdalena', 'Szczepańska', '1983-11-25', 83112598765, '70-800', 'Szczecin', 'Zielona', '13B'),
('Joanna', 'Górska', '1989-06-15', 89061534567, '60-200', 'Poznań', 'Cicha', '14'),
('Łukasz', 'Kamiński', '1987-07-07', 87070723456, '10-300', 'Olsztyn', 'Mazurska', '16'),
('Patryk', 'Krawczyk', '1994-08-05', 94080554321, '90-700', 'Łódź', 'Wesoła', '17'),
('Paulina', 'Mazur', '1986-03-03', 86030367890, '70-500', 'Szczecin', 'Jesionowa', '9A'),
('Natalia', 'Wróbel', '1995-12-31', 95123154321, '20-400', 'Lublin', 'Szeroka', '14B'),
('Jakub', 'Błaszczyk', '1992-04-04', 92040412345, '60-500', 'Poznań', 'Cicha', '3A'),
('Dorota', 'Zalewska', '1987-11-23', 87112367890, '30-300', 'Kraków', 'Lipowa', '20'),
('Monika', 'Lis', '1990-08-08', 90080834567, '50-600', 'Wrocław', 'Zielona', '8'),
('Damian', 'Zawadzki', '1993-06-16', 93061698765, '70-300', 'Szczecin', 'Jesionowa', '9'),
('Ewelina', 'Nowakowska', '1989-02-12', 89021298765, '85-700', 'Bydgoszcz', 'Kościuszki', '5A'),
('Marta', 'Kozłowska', '1984-10-10', 84101065432, '30-600', 'Kraków', 'Grunwaldzka', '16C'),
('Tomasz', 'Lewicki', '1991-11-11', 91111199876, '70-400', 'Szczecin', 'Kwiatowa', '2B'),
('Karol', 'Piotrowski', '1992-12-15', 92121599876, '15-500', 'Białystok', 'Lipowa', '10A'),
('Kamila', 'Ostra', '1996-11-19', 90071930367, '59-200', 'Legnica', 'Kręta', '11'),
('Zuzanna', 'Jankowska', '1992-03-15', 92031578901, '75-555', 'Koszalin', 'Słoneczna', '12A');

INSERT INTO Wiezniowie VALUES
(1),(2), (3), (4), (5), (6), (7), (8), (9), (10),
(11), (12), (13), (14), (15), (16), (17), (18), (19), (20);

INSERT INTO Straznicy VALUES
(21, 'Strażnik Młodszy', 0), (22, 'Szef Bezpieczeństwa', 1), (23, 'Strażnik', 1),
(24, 'Strażnik', 0), (25, 'Strażnik', 1), (26, 'Strażnik Starszy', 1), (27, 'Strażnik', 0),
(28, 'Strażnik', 1), (29, 'Strażnik Młodszy', 1), (30, 'Strażnik Starszy', 1),
(31, 'Szef Bezpieczeństwa', 0), (32, 'Strażnik', 1), (33, 'Strażnik Młodszy', 0),
(34, 'Strażnik', 1), (35, 'Strażnik Starszy', 1), (36, 'Strażnik', 0),
(37, 'Szef Bezpieczeństwa', 1), (38, 'Strażnik', 1), (39, 'Strażnik Młodszy', 0),
(40, 'Strażnik', 1);

INSERT INTO Odwiedzajacy VALUES
(41, 0), (42, 1), (43, 0), (44, 0), (45, 1), (46, 0), (47, 1),
(48, 0), (49, 1), (50, 0), (51, 0), (52, 1), (53, 0),
(54, 1), (55, 0), (56, 0), (57, 1), (58, 0), (59, 1), (60, 0);

INSERT INTO Cele VALUES
('Pojedyncza', 1),
('Podwójna', 2),
('Potrójna', 3),
('Czwórkowa', 4),
('Piątkowa', 5),
('Szóstkowa', 6),
('Pojedyncza', 1),
('Podwójna', 2),
('Potrójna', 3),
('Czwórkowa', 4),
('Piątkowa', 5),
('Szóstkowa', 6),
('Pojedyncza', 1),
('Podwójna', 2),
('Potrójna', 3),
('Czwórkowa', 4),
('Piątkowa', 5),
('Szóstkowa', 6),
('Pojedyncza', 1),
('Podwójna', 2);

INSERT INTO Odsiadka VALUES
('2023-01-01', '2027-01-01', '2027-01-01', 1, 1),
('2023-06-01', '2029-06-01', '2029-06-01', 2, 2),
('2022-02-02', '2025-08-08', '2025-08-08', 3, 3),
('2021-03-03', '2023-03-03', '2023-03-01', 4, 4),
('2023-04-01', '2026-04-01', '2024-03-31', 5, 5),
('2022-07-01', '2025-07-01', '2023-06-30', 6, 6),
('2023-08-01', '2024-08-01', '2024-07-31', 7, 7),
('2021-09-01', '2023-09-01', '2023-08-31', 8, 8),
('2020-10-01', '2022-10-01', '2022-09-30', 9, 9),
('2023-11-01', '2025-11-01', '2024-10-31', 10, 10),
('2022-01-01', '2023-12-31', '2023-11-30', 11, 11),
('2021-06-01', '2024-06-01', '2023-05-31', 12, 12),
('2023-07-01', '2026-07-01', '2024-06-30', 13, 13),
('2022-08-01', '2024-08-01', '2023-07-31', 14, 14),
('2023-09-01', '2025-09-01', '2024-08-31', 15, 15),
('2021-10-01', '2024-10-01', '2023-09-30', 16, 16),
('2020-11-01', '2023-11-01', '2023-10-31', 17, 17),
('2023-12-01', '2025-12-01', '2024-11-30', 18, 18),
('2022-01-01', '2024-01-01', '2023-12-31', 19, 19),
('2023-02-01', '2025-02-01', '2024-01-31', 20, 20);

INSERT INTO Odwiedziny VALUES
('10:00:00', '11:00:00', '2023-01-15', 41, 1),
('14:00:00', '15:00:00', '2023-02-20', 42, 2),
('09:00:00', '10:00:00', '2023-03-05', 57, 17),
('13:00:00', '14:00:00', '2023-04-10', 44, 4),
('16:00:00', '17:00:00', '2023-05-15', 45, 5),
('08:00:00', '09:00:00', '2023-06-20', 60, 20),
('12:00:00', '13:00:00', '2023-07-25', 47, 7),
('11:00:00', '12:00:00', '2023-08-30', 48, 8),
('10:30:00', '11:30:00', '2023-09-10', 41, 1),
('15:30:00', '16:30:00', '2023-10-15', 50, 10),
('09:30:00', '10:30:00', '2023-11-20', 51, 11),
('13:30:00', '14:30:00', '2023-12-25', 60, 20),
('10:15:00', '11:15:00', '2024-01-15', 53, 13),
('14:15:00', '15:15:00', '2024-02-20', 54, 14),
('09:15:00', '10:15:00', '2024-03-25', 55, 15),
('13:15:00', '14:15:00', '2024-04-30', 56, 16),
('11:15:00', '12:15:00', '2024-05-10', 57, 17),
('10:45:00', '11:45:00', '2024-06-15', 58, 18),
('15:45:00', '16:45:00', '2024-07-20', 50, 10),
('08:45:00', '09:45:00', '2024-08-25', 60, 20);

INSERT INTO Rodzaje_przestepstw VALUES
('Kradzież'), ('Oszustwo'), ('Napad'), ('Włamanie'), ('Rabunek'),
('Handel Narkotykami'), ('Podpalenie'), ('Zabójstwo'), ('Wymuszenie'), ('Fałszerstwo');

INSERT INTO Przestepstwa VALUES
('1950-01-01', 1, 'Rabunek'),
('1955-05-01', 2, 'Oszustwo'),
('1960-03-15', 3, 'Napad'),
('1965-07-10', 4, 'Włamanie'),
('1970-09-20', 5, 'Kradzież'),
('1975-11-25', 6, 'Podpalenie'),
('1980-02-05', 7, 'Handel Narkotykami'),
('1985-03-01', 8, 'Zabójstwo'),
('1990-01-10', 9, 'Wymuszenie'),
('1995-04-15', 10, 'Fałszerstwo'),
('2000-05-20', 11, 'Kradzież'),
('2005-06-25', 12, 'Oszustwo'),
('2010-07-30', 13, 'Napad'),
('2015-08-05', 14, 'Włamanie'),
('2020-09-10', 15, 'Rabunek'),
('2022-10-15', 16, 'Podpalenie'),
('2023-11-20', 17, 'Handel Narkotykami'),
('2024-12-25', 18, 'Zabójstwo'),
('2023-01-01', 19, 'Wymuszenie'),
('2023-02-01', 20, 'Fałszerstwo');

INSERT INTO Typy_kar VALUES
('Izolacja w celi'), ('Praca w więzieniu'), ('Ograniczenie wizyt'), ('Pozbawienie przywilejów'),
('Kara finansowa wewnętrzna'), ('Przeniesienie do bardziej surowego bloku'), ('Dodatkowy czas odsiadki'), ('Obowiązkowe sesje terapeutyczne'),
('Monitorowanie zachowania'), ('Ograniczenie czasu na świeżym powietrzu');

INSERT INTO Kary VALUES
('2001-01-10', '2002-01-11', '2002-01-11', 1, 'Izolacja w celi'),
('2003-03-12', '2004-03-12', '2004-03-13', 1, 'Praca w więzieniu'),
('2005-04-18', '2006-04-18', '2006-04-19', 0, 'Ograniczenie wizyt'),
('2007-05-20', '2008-05-20', '2008-05-21', 1, 'Pozbawienie przywilejów'),
('2009-06-25', '2010-06-29', '2010-06-26', 1, 'Kara finansowa wewnętrzna'),
('2011-07-30', '2012-07-30', '2012-07-31', 1, 'Przeniesienie do bardziej surowego bloku'),
('2013-08-05', '2014-08-05', '2014-08-06', 1, 'Dodatkowy czas odsiadki'),
('2015-09-10', '2016-09-11', '2016-09-11', 1, 'Obowiązkowe sesje terapeutyczne'),
('2017-10-15', '2018-10-15', '2018-10-16', 0, 'Monitorowanie zachowania'),
('2019-11-20', '2020-11-20', '2020-11-21', 0, 'Ograniczenie czasu na świeżym powietrzu'),
('2021-01-25', '2022-01-25', '2022-01-26', 1, 'Izolacja w celi'),
('2022-02-28', '2023-02-28', '2023-03-01', 1, 'Praca w więzieniu'),
('2023-03-10', '2024-03-11', '2024-03-11', 1, 'Ograniczenie wizyt'),
('2000-04-15', '2001-04-15', '2001-04-16', 1, 'Pozbawienie przywilejów'),
('2002-05-20', '2003-05-20', '2003-05-21', 0, 'Kara finansowa wewnętrzna'),
('2004-06-25', '2005-06-26', '2005-06-26', 1, 'Przeniesienie do bardziej surowego bloku'),
('2006-07-30', '2007-07-30', '2007-07-31', 1, 'Dodatkowy czas odsiadki'),
('2008-08-05', '2009-08-05', '2009-08-06', 1, 'Obowiązkowe sesje terapeutyczne'),
('2010-09-10', '2011-09-16', '2011-09-11', 1, 'Monitorowanie zachowania'),
('2007-08-05', '2007-08-05', '2009-08-06', 1, 'Obowiązkowe sesje terapeutyczne'),
('2012-10-15', '2013-10-19', '2013-10-16', 1, 'Ograniczenie czasu na świeżym powietrzu');

INSERT INTO Przestepstwa_w_wiezieniu VALUES
('Kradzież sprzętu z magazynu więzienia', '2001-01-10', 1, 'Kradzież', 1),
('Oszustwo w raportach pracy więźnia', '2003-03-12', 2, 'Oszustwo', 2),
('Napad na innego więźnia w czasie przerwy', '2005-04-18', 3, 'Napad', 3),
('Włamanie do celi innego więźnia', '2007-05-20', 4, 'Włamanie', 4),
('Rabunek rzeczy osobistych innego więźnia', '2009-06-25', 6, 'Rabunek', 5),
('Handel narkotykami w więzieniu', '2011-07-30', 6, 'Handel Narkotykami', 6),
('Podpalenie w warsztacie więziennym', '2013-08-05', 7, 'Podpalenie', 7),
('Zabójstwo więźnia podczas bójki', '2015-09-10', 8, 'Zabójstwo', 8),
('Wymuszenie pieniędzy od współwięźnia', '2015-10-15', 9, 'Wymuszenie', 9),
('Fałszerstwo dokumentów wewnętrznych więzienia', '2019-11-20', 10, 'Fałszerstwo', 10),
('Kradzież jedzenia z kuchni więziennej', '2021-01-25', 11, 'Kradzież', 11),
('Oszustwo przy pracy w bibliotece więziennej', '2022-02-28', 12, 'Oszustwo', 12),
('Napad na strażnika więziennego', '2023-03-10', 13, 'Napad', 13),
('Włamanie do magazynu narzędzi', '2000-04-15', 1, 'Włamanie', 14),
('Rabunek mienia wspólnego w celi', '2002-05-20', 15, 'Rabunek', 15),
('Próba przemytu narkotyków z zewnątrz', '2004-06-25', 16, 'Handel Narkotykami', 16),
('Podpalenie łóżka w celi', '2006-07-30', 17, 'Podpalenie', 17),
('Zabójstwo w samoobronie podczas ataku', '2008-08-05', 18, 'Zabójstwo', 18),
('Groźby wymuszenia wobec strażnika', '2001-09-10', 19, 'Wymuszenie', 19),
('Groźby wymuszenia wobec strażnika', '2001-09-10', 1, 'Handel Narkotykami', 20),
('Fałszerstwo podpisów w korespondencji', '2012-10-15', 20, 'Fałszerstwo', 21);
